Name & Authors,Year,"Crypto, cryptanalysis, or out of scope? (1 through 3)",Summary of the contribituon,Application engagement (1 throgh 4),Application engagement subtheme,Motivating Application (Typology)
Manuel Barbosa et al.: Bare PAKE: Universally Composable Key Exchange from Just Passwords. (2024),2024,,,,,
Longcheng Li et al.: How (not) to Build Quantum PKE in Minicrypt. (2024),2024,,,,,
Luowen Qian: Unconditionally Secure Quantum Commitments with Preprocessing. (2024),2024,,,,,
Maciej Obremski et al.: Improved Reductions from Noisy to Bounded and Probing Leakages via Hockey-Stick Divergences. (2024),2024,,,,,
Kohei Nakagawa and Hiroshi Onuki: QFESTA: Efficient Algorithms and Parameters for FESTA Using Quaternion Algebras. (2024),2024,,,,,
Maria Corte-Real Santos et al.: On Cycles of Pairing-Friendly Abelian Varieties. (2024),2024,,,,,
Marian Dietz and Stefano Tessaro: Fully Malicious Authenticated PIR. (2024),2024,,,,,
"Marina Checri et al.: On the Practical CPA<sup>D</sup> Security of ""exact"" and Threshold FHE Schemes and Libraries. (2024)",2024,,,,,
Marius A. Aardal et al.: Aggregating Falcon Signatures with LaBRADOR. (2024),2024,,,,,
Markku-Juhani O. Saarinen: Accelerating SLH-DSA by Two Orders of Magnitude with a Single Hash Unit. (2024),2024,,,,,
Marshall Ball et al.: Towards Permissionless Consensus in the Standard Model via Fine-Grained Complexity. (2024),2024,,,,,
Masayuki Abe et al.: CDS Composition of Multi-round Protocols. (2024),2024,,,,,
Mathias Hall-Andersen et al.: FRIDA: Data Availability Sampling from FRI. (2024),2024,,,,,
Matilda Backendal et al.: A Formal Treatment of End-to-End Encrypted Cloud Storage. (2024),2024,,,,,
Michele Ciampi et al.: Universal Composable Transaction Serialization with Order Fairness. (2024),2024,1,A comprehensive modeling of order fairness capitalizing on the universal composition (UC) setting,3,a,"1-BLK,6-BLK,CUR"
Michele Orrù et al.: Oblivious Issuance of Proofs. (2024),2024,1,"a provably secure construction of oblivious proofs, focusing on discrete-logarithm representation
equipped with AND-composition",2,a,CRY
Mihir Bellare and Viet Tung Hoang: Succinctly-Committing Authenticated Encryption. (2024),2024,,,,,
Mingqi Lu and Junzhao Yang: Memory-Sample Lower Bounds for LWE. (2024),2024,,,,,
Jack Doerner et al.: Sometimes You Can't Distribute Random-Oracle-Based Proofs. (2024),2024,1,"We investigate the conditions under which straight-line extractable NIZKs in the random oracle model (i.e. without a CRS) permit multiparty realizations that are black-box in the same random oracle. We show that even in the semi-honest setting, any MPC protocol to compute such a NIZK cannot make black-box use of the random oracle or a hash function instantiating it if security against all-but-one corruptions is desired, unless the number of queries made by the verifier to the oracle grows linearly with the number of parties",1,a,CRY
Gildas Avoine et al.: Time-Memory Trade-Offs Sound the Death Knell for GPRS and GSM. (2024),2024,,,,,
Giulio Malavolta and Michael Walter: Robust Quantum Public-Key Encryption with Applications to Quantum Key Distribution. (2024),2024,,,,,
Giuseppe Ateniese et al.: Advancing Scalability in Decentralized Storage: A Novel Approach to Proof-of-Replication via Polynomial Evaluation. (2024),2024,,,,,
Giuseppe Persiano et al.: Public-Key Anamorphism in (CCA-Secure) Public-Key Encryption and Beyond. (2024),2024,,,,,
Gregor Leander et al.: HAWKEYE - Recovering Symmetric Cryptography From Hardware Circuits. (2024),2024,,,,,
Hadas Zeilberger et al.: BaseFold: Efficient Field-Agnostic Polynomial Commitment Schemes from Foldable Codes. (2024),2024,,,,,
Hai H. Nguyen: Towards Breaking the Half-Barrier of Local Leakage-Resilient Shamir's Secret Sharing. (2024),2024,,,,,
Helger Lipmaa: Polymath: Groth16 Is Not the Limit. (2024),2024,,,,,
Henry Bambury et al.: Polytopes in the Fiat-Shamir with Aborts Paradigm. (2024),2024,,,,,
Henry Corrigan-Gibbs and David J. Wu: The One-Wayness of Jacobi Signatures. (2024),2024,,,,,
"Hoeteck Wee: Circuit ABE with sfpoly( depth,λ )-Sized Ciphertexts and Keys from Lattices. (2024)",2024,1,We present new lattice-based attribute-based encryption (ABE) and laconic function evaluation (LFE) schemes for circuits with sublinear ciphertext overhead.,1,"a,b",CRY
"Hosein Hadipour et al.: Revisiting Differential-Linear Attacks via a Boomerang Perspective with Application to AES, Ascon, CLEFIA, SKINNY, PRESENT, KNOT, TWINE, WARP, LBlock, Simeck, and SERPENT. (2024)",2024,,,,,
Intak Hwang et al.: Concretely Efficient Lattice-Based Polynomial Commitment from Standard Assumptions. (2024),2024,,,,,
Minki Hhan et al.: Quantum Complexity for Discrete Logarithms and Related Problems. (2024),2024,,,,,
James Bartusek and Justin Raizes: Secret Sharing with Certified Deletion. (2024),2024,1,We initiate the systematic study of secret sharing with certified deletion in order to achieve security even against an adversary that eventually collects an authorized set of shares.,1,"a,b",CRY
Jan Buzek and Stefano Tessaro: Collision Resistance from Multi-collision Resistance for All Constant Parameters. (2024),2024,,,,,
Janik Huth and Antoine Joux: MPC in the Head Using the Subfield Bilinear Collision Problem. (2024),2024,1,we introduce the subfield bilinear collision problem and use it to construct an identification protocol and a signature scheme.,1,"a,b",CRY
Jelle Don et al.: On the (In)Security of the BUFF Transform. (2024),2024,,,,,
Jiaxin Guan and Hart Montgomery: On Sequential Functions and Fine-Grained Cryptography. (2024),2024,,,,,
Jonathan Katz and Michael Rosenberg: LATKE: A Framework for Constructing Identity-Binding PAKEs. (2024),2024,,,,,
"Jonathan Katz: Round-Optimal, Fully Secure Distributed Key Generation. (2024)",2024,,,,,
José Bacelar Almeida et al.: Formally Verifying Kyber - Episode V: Machine-Checked IND-CCA Security and Correctness of ML-KEM in EasyCrypt. (2024),2024,2,"We present a formally verified proof of the correctness and IND-CCA security of ML-KEM, the Kyber-based Key Encapsulation Mechanism (KEM) undergoing standardization by NIST.",2,a,"NIST,PQC"
Joseph Carolan and Alexander Poremba: Quantum One-Wayness of the Single-Round Sponge with Invertible Permutations. (2024),2024,,,,,
Joseph Jaeger and Deep Inder Mohan: Generic and Algebraic Computation Models: When AGM Proofs Transfer to the GGM. (2024),2024,1,"""Our main contribution is a new interpretation under which the lifting result provably holds. The interpretation is both natural (e.g., matches the informal language used when discussing the AGM) and useful (many uses of the AGM are captured by it). It affirms the underlying ideas of FKL while complementing the interpretations of KZZ by helping refine our understanding of when the claim holds.""",1,b,CRY
Julia Kastner et al.: Pairing-Free Blind Signatures from Standard Assumptions in the ROM. (2024),2024,,,,,
Julien Béguinot et al.: Formal Security Proofs via Doeblin Coefficients: - Optimal Side-Channel Factorization from Noisy Leakage to Random Probing. (2024),2024,,,,,
Kai-Min Chung et al.: On Central Primitives for Quantum Cryptography with Classical Communication. (2024),2024,,,,,
Vipul Goyal et al.: Towards Achieving Asynchronous MPC with Linear Communication and Optimal Resilience. (2024),2024,,,,,
Sri Aravinda Krishnan Thyagarajan et al.: Game-Theoretically Fair Distributed Sampling. (2024),2024,,,,,
Surya Mathialagan et al.: Adaptively Sound Zero-Knowledge SNARKs for UP. (2024),2024,,,,,
Susumu Kiyoshima: Resettable Statistical Zero-Knowledge for $\ensuremath {\textsf{NP}}$. (2024),2024,,,,,
Thomas Decru: Radical $\root N \of {\mathrm {\acute{e}lu}}$ Isogeny Formulae. (2024),2024,,,,,
Thomas Espitau et al.: Flood and Submerse: Distributed Key Generation and Robust Threshold Signature from Lattices. (2024),2024,1,"""We propose a new framework based on random submersions—that is projection over a random subspace blinded by a small Gaussian noise—for constructing verifiable short secret sharing and showcase it to construct efficient threshold lattice-based signatures in the hash-and-sign paradigm, when based on noise flooding.""",1,b,CRY
Thomas Espitau et al.: Two-Round Threshold Signature from Algebraic One-More Learning with Errors. (2024),2024,,,,,
Tim Beyne and Yu Long Chen: Information-Theoretic Security with Asymmetries. (2024),2024,,,,,
Ting Peng et al.: New Approaches for Estimating the Bias of Differential-Linear Distinguishers. (2024),2024,1,"A formula, establishing a link between the bias of a differential-linear distinguisher and the probabilities of a series of truncated differentials.",1,a,CRY
Tomoyuki Morimae and Takashi Yamakawa: Quantum Advantage from One-Way Functions. (2024),2024,,,,,
Tomoyuki Morimae et al.: Unconditionally Secure Commitments with Quantum Auxiliary Inputs. (2024),2024,1,"We revisit the notion of quantum auxiliary-input commitments introduced by Chailloux, Kerenidis, and Rosgen (Comput. Complex. 2016)...We introduce a new model which we call the common reference quantum state (CRQS) model where both the committer and receiver take the same quantum state that is randomly sampled by an efficient setup algorithm.",2,b,"CUR, PQC,
"
Valerie Gilchrist et al.: Solving the Tensor Isomorphism Problem for Special Orbits with Low Rank Points: Cryptanalysis and Repair of an Asiacrypt 2023 Commitment Scheme. (2024),2024,1,analysis of tensor isomorphism problem with special orbits showing that a 2023 commitment scheme is broken; new construction of secure commitment scheme ,2,"a,c","NIST,PQC"
"Valerio Cini et al.: Polynomial Commitments from Lattices: Post-quantum Security, Fast Verification and Transparent Setup. (2024)",2024,,,,,
Vincenzo Botta et al.: Black-Box (and Fast) Non-malleable Zero Knowledge. (2024),2024,,,,,
Sourav Das and Ling Ren: Adaptively Secure BLS Threshold Signatures from DDH and co-CDH. (2024),2024,,,,,
"Wei-Kai Lin et al.: Doubly Efficient Cryptography: Commitments, Arguments and RAM MPC. (2024)",2024,,,,,
Wilson D. Nguyen et al.: Mangrove: A Scalable Framework for Folding-Based SNARKs. (2024),2024,,,,,
Xavier Bonnetain et al.: Improving Generic Attacks Using Exceptional Functions. (2024),2024,,,,,
Xiaoyang Dong et al.: Generic MitM Attack Frameworks on Sponge Constructions. (2024),2024,2,This paper proposes general meet-in-the-middle (MitM) attack frameworks for preimage and collision attacks on hash functions based on (generalized) sponge construction.,1,"a,b",CRY
Xiaoyu Ji et al.: Linear-Communication Asynchronous Complete Secret Sharing with Optimal Resilience. (2024),2024,,,,,
Xinyu Zhang et al.: Loquat: A SNARK-Friendly Post-quantum Signature Based on the Legendre PRF with Applications in Ring and Aggregate Signatures. (2024),2024,,,,,
Yevgeniy Dodis et al.: Compact Key Storage - A Modern Approach to Key Backup and Delegation. (2024),2024,,,,,
Youngjin Bae et al.: Plaintext-Ciphertext Matrix Multiplication and FHE Bootstrapping: Fast and Fused. (2024),2024,1,"""We give algorithms to convert from usual shared-secret RLWE ciphertexts to multi-secret ciphertexts and back. Further, we show that this format is compatible with homomorphic addition, plaintext-ciphertext multiplication, and key-switching. This in turn allows us to accelerate the slots-to-coeffs and coeffs-to-slots steps of CKKS bootstrapping when several ciphertexts are bootstrapped at once. Combining batch-bootstrapping with efficient PCMM results in MaMBo(Matrix Multiplication Bootstrapping), a bootstrapping algorithm that can perform a PC-MM for a limited overhead.""",2,b,CRY
Yuval Ishai et al.: PIR with Client-Side Preprocessing: Information-Theoretic Constructions and Lower Bounds. (2024),2024,,,,,
Yuyu Wang et al.: Fine-Grained Non-interactive Key-Exchange Without Idealized Assumptions. (2024),2024,1,we study multi-party non-interactive key exchange (NIKE) in the fine-grained setting.,1,"a,b",CRY
Zhongfeng Niu et al.: Speeding Up Preimage and Key-Recovery Attacks with Highly Biased Differential-Linear Approximations. (2024),2024,,,,,
Zhongyi Zhang et al.: Probabilistic Linearization: Internal Differential Collisions in up to 6 Rounds of SHA-3. (2024),2024,,,,,
Zoë Ruha Bell et al.: Certifying Private Probabilistic Mechanisms. (2024),2024,,,,,
Quang Dao et al.: Non-interactive Zero-Knowledge from LPN and MQ. (2024),2024,,,,,
Miranda Christ and Sam Gunn: Pseudorandom Error-Correcting Codes. (2024),2024,,,,,
Navid Alamati et al.: Improved Alternating-Moduli PRFs and Post-quantum Signatures. (2024),2024,1,We revisit the alternating moduli paradigm for constructing symmetric key primitives with a focus on constructing highly efficient protocols to evaluate them using secure multi-party computation (MPC).,1,"a,b",CRY
Ngoc Khanh Nguyen and Gregor Seiler: Greyhound: Fast Polynomial Commitments from Lattices. (2024),2024,,,,,
Nina Bindel et al.: Quantum Lattice Enumeration in Limited Depth. (2024),2024,,,,,
"Nir Bitansky and Nathan Geier: Amplification of Non-interactive Zero Knowledge, Revisited. (2024)",2024,,,,,
Nir Bitansky and Sapir Freizeit: Robust Additive Randomized Encodings from IO and Pseudo-Non-linear Codes. (2024),2024,1,"We construct RARE in the plain model from indistinguishability obfuscation, which is necessary, and a new primitive that we call pseudo-non-linear codes.",1,"a,b",CRY
Nir Bitansky et al.: Reusable Online-Efficient Commitments. (2024),2024,,,,,
Noga Amit and Guy N. Rothblum: Constant-Round Arguments for Batch-Verification and Bounded-Space Computations from One-Way Functions. (2024),2024,,,,,
Noga Ron-Zewi and Mor Weiss: Zero-Knowledge IOPs Approaching Witness Length. (2024),2024,1,we construct the first ZK-IOPs approaching the witness length for a natural NP problem.,1,"a,b",CRY
Nuttapong Attrapadung and Junichi Tomida: A Modular Approach to Registered ABE for Unbounded Predicates. (2024),2024,1,we propose a modular framework for constructing Reg-ABE schemes for a broader class of predicates.,1,"a,b",CRY
Phillip Gajland et al.: Ring Signatures for Deniable AKEM: Gandalf's Fellowship. (2024),2024,,,,,
Prabhanjan Ananth and Amit Behera: A Modular Approach to Unclonable Cryptography. (2024),2024,,,,,
Quang Dao and Aayush Jain: Lossy Cryptography from Code-Based Assumptions. (2024),2024,,,,,
Aayush Jain et al.: A Systematic Study of Sparse LWE. (2024),2024,1,"""In this work, we introduce the sparse LWE assumption, an assumption that draws inspiration from both Learning with Errors (Regev JACM 10) and Sparse Learning Parity with Noise (Alekhnovich FOCS 02). Exactly like LWE, this assumption posits indistinguishability of (A, sA + e mod p) from (A, u) for a random u where the secret s, and the error vector e is generated exactly as in LWE. However, the coefficient matrix A in sparse LPN is chosen randomly from Zn×m  p so that each column has Hamming weight exactly k for some small k. We study the problem in the regime where k is a constant or polylogarithmic.""",1,"a,b",CRY
Rachit Garg et al.: Reducing the CRS Size in Registered ABE Systems. (2024),2024,,,,,
Rafaël del Pino et al.: Raccoon: A Masking-Friendly Signature Proven in the Probing Model. (2024),2024,1,"""This paper presents Raccoon, a lattice-based signature scheme submitted to the NIST
2022 call for additional post-quantum signatures. Raccoon has the specicity of always being
masked.""",4,b,"NIST,PQC"
Ran Cohen et al.: Secure Multiparty Computation with Identifiable Abort via Vindicating Release. (2024),2024,,,,,
Ritam Bhaumik et al.: The Committing Security of MACs with Applications to Generic Composition. (2024),2024,,,,,
Rutchathon Chairattana-Apirom et al.: Pairing-Free Blind Signatures from CDH Assumptions. (2024),2024,,,,,
Sanjam Garg et al.: How to Prove Statements Obliviously? (2024),2024,1,This work presents a new technique called—FRI on hidden values—for efficiently proving such statements.,1,a,CRY
Sanjam Garg et al.: Scalable Multiparty Computation from Non-linear Secret Sharing. (2024),2024,1,"We present the first unconditionallysecure MPC protocols for arithmetic circuits over large fields with total computation O(|C| log |F |), where |C| and |F | denote the circuit and field size, respectively.",2,"a,b","ML,DAD"
Sanjam Garg et al.: Threshold Encryption with Silent Setup. (2024),2024,,,,,
Seyoon Ragavan and Vinod Vaikuntanathan: Space-Efficient and Noise-Robust Quantum Factoring. (2024),2024,1,"""We provide two improvements to Regev’s quantum factoring algorithm (Journal of the ACM 2025), addressing its space efficiency and its noise-tolerance.""",1,"a,b",CRY
Shuichi Katsumata et al.: Adaptively Secure 5 Round Threshold Signatures from MLWE/MSIS and DL with Rewinding. (2024),2024,1,"""In this work, we focus on thresholdizing existing signature schemes based on the Fiat-Shamir paradigm [FS87], e.g., ECDSA, Schnorr [Sch91], Dilithium [DKL`18], Raccoon [dPEK`23], a wide class of efficient signature schemes that has been a popular target to thresholdize in the literature.""",2,a,CRY
Shweta Agrawal et al.: Attribute Based Encryption for Turing Machines from Lattices. (2024),2024,,,,,
Shweta Agrawal et al.: k-SUM in the Sparse Regime: Complexity and Applications. (2024),2024,1,"Motivated by applications to cryptography, we initiate the study of the sparse regime for k-SUM and its variant k-XOR, especially their planted versions, where a random solution is planted in a randomly generated instance and has to be recovered.",1,"a,b",CRY
Shweta Agrawal et al.: Time-Lock Puzzles from Lattices. (2024),2024,1,"In this work, we propose a new approach to construct time-lock puzzles based on lattices, and therefore with plausible post-quantum security.",3,"a,b","AUC,VOT,BNK,6-BLK,1-BLK,PQC"
Benjamin Bencina et al.: Improved Algorithms for Finding Fixed-Degree Isogenies Between Supersingular Elliptic Curves. (2024),2024,,,,,
Felicitas Hörmann and Wessel P. J. van Woerden: FuLeakage: Breaking FuLeeca by Learning Attacks. (2024),2024,,,,,
Bing Sun et al.: Feistel-Like Structures Revisited: Classification and Cryptanalysis. (2024),2024,,,,,
Fangqi Dong et al.: Tight Characterizations for Preprocessing Against Cryptographic Salting. (2024),2024,,,,,
Fangqi Dong et al.: Laconic Function Evaluation and ABE for RAMs from (Ring-)LWE. (2024),2024,,,,,
Alexander R. Block et al.: Field-Agnostic SNARKs from Expand-Accumulate Codes. (2024),2024,,,,,
Amit Agarwal et al.: Compressing Unit-Vector Correlations via Sparse Pseudorandom Generators. (2024),2024,,,,,
Amos Beimel et al.: Structural Lower Bounds on Black-Box Constructions of Pseudorandom Functions. (2024),2024,,,,,
Benny Applebaum and Eliran Kachlon: Stochastic Secret Sharing with 1-Bit Shares and Applications to MPC. (2024),2024,,,,,
Anasuya Acharya et al.: Malicious Security for SCALES - Outsourced Computation with Ephemeral Servers. (2024),2024,,,,,
"Anders P. K. Dalskov et al.: Fully Secure MPC and zk-FLIOP over Rings: New Constructions, Improvements and Extensions. (2024)",2024,,,,,
Benjamin Ostrovsky: Privacy-Preserving Dijkstra. (2024),2024,1,"""First, we show how for any graph G, given a secret-shared adjacency list, where vertices are arbitrary alphanumeric strings that fit into a single RAM memory word, we can efficiently and securely rename vertices to integers from 1 to V that will appear in increasing order in the resulting secret-shared adjacency list. Second, given a secret-shared adjacency list for any graph G, where vertices are integers from 1 to V and are sorted, we show an oblivious d-normalization algorithm that takes O(1) rounds and O(V + E) secure operations.",1,b,CRY
Andre Esser and Paolo Santini: Not Just Regular Decoding: Asymptotics and Improvements of Regular Syndrome Decoding Attacks. (2024),2024,,,,,
George Lu and Mark Zhandry: Limits on the Power of Prime-Order Groups: Separating Q-Type from Static Assumptions. (2024),2024,,,,,
Dan Boneh et al.: Accountability for Misbehavior in Threshold Decryption via Threshold Traitor Tracing. (2024),2024,1,"we develop the theory of traitor tracing for threshold decryption, where now only a subset J ⊆ [n] of t or more parties can collude to create a pirate decoder D(·).",3,a,"VOT,6-BLK,ASC"
Andreas Hülsing et al.: On Round Elimination for Special-Sound Multi-round Identification and the Generality of the Hypercube for MPCitH. (2024),2024,1,we tackle two open questions related to the general applicability of techniques around this approach that together allow for efficient post-quantum signatures with optimal security bounds in the QROM.,2,b,"AUT,NIST,PQC"
Andrey Kim et al.: Exploring the Advantages and Challenges of Fermat NTT in FHE Acceleration. (2024),2024,,,,,
Bar Alon et al.: MPC for Tech Giants (GMPC): Enabling Gulliver and the Lilliputians to Cooperate Amicably. (2024),2024,,,,,
Dan Boneh et al.: Traceable Secret Sharing: Strong Security and Efficient Constructions. (2024),2024,,,,,
"Aparna Gupte and Vinod Vaikuntanathan: How to Construct Quantum FHE, Generically. (2024)",2024,,,,,
"Balthazar Bauer et al.: Fine-Grained Non-interactive Key Exchange, Revisited. (2024)",2024,,,,,
Daniel J. Bernstein and Tung Chou: CryptAttackTester: high-assurance attack analysis. (2024),2024,,,,,
Baiyu Li et al.: Hintless Single-Server Private Information Retrieval. (2024),2024,1,"""We present two new constructions for private information retrieval (PIR) in the classical setting where the clients do not need to do any preprocessing or store any database dependent information, and the server does not need to store any client-dependent information.""",2,b,"MSG,PWD,WEB,ADD,DAD"
Avital Shafran et al.: Is ML-Based Cryptanalysis Inherently Limited? Simulating Cryptographic Adversaries via Gradient-Based Methods. (2024),2024,,,,,
Augustin Bariant et al.: The Algebraic FreeLunch: Efficient Gröbner Basis Attacks Against Arithmetization-Oriented Primitives. (2024),2024,2,"In this paper, we present a new type of algebraic attack that applies to many recent arithmetization-oriented families of permutations, such as those used in Griffin, Anemoi, ArionHash, and XHash8, whose security relies on the hardness of the constrained-input constrained-output (CICO) problem",1,b,CRY
Dario Catalano et al.: Limits of Black-Box Anamorphic Encryption. (2024),2024,,,,,
Fuchun Lin et al.: More Efficient Zero-Knowledge Protocols over $\mathbb {Z}_{2^k}$ via Galois Rings. (2024),2024,,,,,
Christian Majenz and Fabrizio Sisinni: Provable Security Against Decryption Failure Attacks from LWE. (2024),2024,,,,,
Gaspard Anthoine et al.: Fully-Succinct Multi-key Homomorphic Signatures from Standard Assumptions. (2024),2024,1,we present the first construction of MKHS that are fully succinct (also with respect to the number of users) while achieving adaptive security under standard falsifiable assumptions.,2,"a,b","NWT,PH,1-BLK,DDC"
Carsten Baum et al.: Cheater Identification on a Budget: MPC with Identifiable Abort from Pairwise MACs. (2024),2024,1,"we present a new, lightweight approach to achieving identifiable abort in dishonest majority MPC.",1,b,CRY
Gal Arnon et al.: STIR: Reed-Solomon Proximity Testing with Fewer Queries. (2024),2024,1,"We present STIR (Shift To Improve Rate), an interactive oracle proof of proximity (IOPP) for Reed–Solomon codes that achieves the best known query complexity of any concretely efficient IOPP for this problem.",2,a,CRY
Chris Peikert and Yi Tang: Cryptanalysis of Lattice-Based Sequentiality Assumptions and Proofs of Sequential Work. (2024),2024,2,This work completely breaks the sequentiality assumption (and broad generalizations thereof) underlying the candidate latticebased proof of sequential work (PoSW) recently proposed by Lai and Malavolta at CRYPTO 2023,2,c,"1-BLK,PQC,NWT"
Brent Waters and Mark Zhandry: Adaptive Security in SNARGs via iO and Lossy Functions. (2024),2024,1,"We construct an adaptively sound SNARGs in the plain model with CRS relying on the assumptions of (subexponential) indistinguishability obfuscation (iO), subexponential one-way functions and a notion of lossy functions we call length parameterized lossy functions.",1,b,CRY
Fuyuki Kitagawa et al.: Quantum Public-Key Encryption with Tamper-Resilient Public Keys from One-Way Functions. (2024),2024,,,,,
Abhiram Kothapalli and Srinath T. V. Setty: HyperNova: Recursive Arguments for Customizable Constraint Systems. (2024),2024,,,,,
Gayathri Garimella et al.: Computation Efficient Structure-Aware PSI from Incremental Function Secret Sharing. (2024),2024,,,,,
Björn Kriepke and Gohar M. Kyureghyan: Algebraic Structure of the Iterates of χ. (2024),2024,,,,,
Cecilia Boschini et al.: That's Not My Signature! Fail-Stop Signatures for a Post-quantum World. (2024),2024,1,we propose to add another primitive to that toolbox: Fail-Stop Signatures (FSS) [49]. FSS are digital signatures enhanced with a forgerydetection mechanism that can protect a computationally bounded signer from more powerful attackers.,3,"a,b","PGTS,PQC,CNP
"
Aakash Chowdhury et al.: Leakage Certification Made Simple. (2024),2024,,,,,
Geoffroy Couteau and Naman Kumar: 10-Party Sublinear Secure Computation from Standard Assumptions. (2024),2024,,,,,
Alex Biryukov et al.: Cryptanalysis of Algebraic Verifiable Delay Functions. (2024),2024,2,"In this work, we analyze the security of these algebraic VDF candidates.",4,a,"1-BLK,VOT,BNK"
Renas Bacho et al.: Network-Agnostic Security Comes (Almost) for Free in DKG and MPC. (2023),2023,,,,,
Carsten Baum et al.: Publicly Verifiable Zero-Knowledge and Post-Quantum Signatures from VOLE-in-the-Head. (2023),2023,1,"We present a new method for transforming zero-knowledge protocols in the designated verifier setting into public-coin protocols, which can be made non-interactive and publicly verifiable. Our transformation applies to a large class of ZK protocols based on oblivious transfer.",2,a,"PQC,6-BLK"
Russell W. F. Lai and Giulio Malavolta: Lattice-Based Timed Cryptography. (2023),2023,,,,,
"Sanjam Garg et al.: Cryptography with Weights: MPC, Encryption and Signatures. (2023)",2023,1,"we consider weighted cryptosystems where every party is assigned a certain weight and the trust assumption is that a certain fraction of the total weight is honest. This setting can be translated to the standard setting (where each party has a unit weight) via virtualization. However, this method is quite expensive, incurring a multiplicative overhead in the weight. We present new weighted cryptosystems with significantly better efficiency: our proposed schemes incur only an additive overhead in weights.",2,c,"1-BLK,6-BLK"
Michele Ciampi et al.: List Oblivious Transfer and Applications to Round-Optimal Black-Box Multiparty Coin Tossing. (2023),2023,1,"In this work, we show how to realize any input-less functionality (e.g., coin-tossing, generation of key-pairs, and so on) in four rounds while making black-box use of two-round oblivious transfer.",1,a,CRY
Miran Kim et al.: Accelerating HE Operations from Key Decomposition Technique. (2023),2023,,,,,
Zvika Brakerski: Black-Hole Radiation Decoding Is Quantum Cryptography. (2023),2023,,,,,
Melissa Chase et al.: Anonymous Tokens with Stronger Metadata Bit Hiding from Algebraic MACs. (2023),2023,,,,,
Ran Cohen et al.: Completeness Theorems for Adaptively Secure Broadcast. (2023),2023,,,,,
Ben Fisch et al.: Orbweaver: Succinct Linear Functional Commitments from Lattices. (2023),2023,1,"Orbweaver, the first plausibly post-quantum functional commitment to achieve quasilinear prover time together with O(log n) proof size and O(log n log log n) verifier time. Orbweaver enables evaluation of linear maps on committed vectors over cyclotomic rings or the integers.",1,a,CRY
Miroslaw Kutylowski et al.: Anamorphic Signatures: Secrecy from a Dictator Who Only Permits Authentication! (2023),2023,,,,,
Quang Dao et al.: Multi-party Homomorphic Secret Sharing and Sublinear MPC from Sparse LPN. (2023),2023,,,,,
Muhammed F. Esgin et al.: Efficient Hybrid Exact/Relaxed Lattice Proofs and Applications to Rounding and VRFs. (2023),2023,1," the
construction of lattice-based long-term (stateless) Verifiable Random Functions
(VRFs). A VRF is a type of pseudorandom function whose output is both authenticated and publicly verifiable [MRV99]. ",2,a,CRY
Nicolas Aragon et al.: Analysis of the Security of the PSSI Problem and Cryptanalysis of the Durandal Signature Scheme. (2023),2023,,,,,
Prabhanjan Ananth et al.: Cloning Games: A General Framework for Unclonable Primitives. (2023),2023,1,"a new framework called cloning games. This framework captures many fundamental unclonable primitives such as quantum money, copy-protection, unclonable encryption, single-decryptor encryption, and many more.",2,a,"PQC,CUR,SE"
Brent Waters and Daniel Wichs: Universal Amplification of KDM Security: From 1-Key Circular to Multi-Key KDM. (2023),2023,,,,,
Benny Applebaum et al.: How to Recover a Secret with O(n) Additions. (2023),2023,1,we initiate the study of n-party secret-sharing schemes whose reconstruction algorithm makes a minimal number of additions.,1,"a,b",CRY
Peter Gazi et al.: Practical Settlement Bounds for Longest-Chain Consensus. (2023),2023,,,,,
Pedro Branco et al.: A Framework for Statistically Sender Private OT with Optimal Rate. (2023),2023,1,"In this work we provide a novel construction of SSP OT from the Decisional Diffie-Hellman (DDH) and the Learning Parity with Noise (LPN) assumptions achieving (asymptotically) optimal amortized communication complexity, i.e. it achieves rate 1.",1,"a,b",CRY
Parker Newton and Silas Richelson: A Lower Bound for Proving Hardness of Learning with Rounding with Polynomial Modulus. (2023),2023,,,,,
Nir Bitansky et al.: Non-interactive Universal Arguments. (2023),2023,,,,,
Orr Dunkelman et al.: Practical-Time Related-Key Attack on GOST with Secret S-Boxes. (2023),2023,,,,,
Ohad Klein and Ilan Komargodski: New Bounds on the Local Leakage Resilience of Shamir's Secret Sharing Scheme. (2023),2023,2,They study the local leakage resilience of Shamir’s secret sharing scheme.,2,b,CRY
Bernardo David et al.: Perfect MPC over Layered Graphs. (2023),2023,1,"We consider a layered MPC model, a simplified variant of the fluid MPC model of Choudhuri et al. (Crypto 2021).",1,"a,b",CRY
Binwu Xiang et al.: Fast Blind Rotation for Bootstrapping FHEs. (2023),2023,1,we propose a new blind rotation algorithm based on a GSW-like encryption from the NTRU assumption.,1,"a,b",CRY
Yevgeniy Dodis et al.: Random Oracle Combiners: Breaking the Concatenation Barrier for Collision-Resistance. (2023),2023,,,,,
Ward Beullens and Gregor Seiler: LaBRADOR: Compact Proofs for R1CS from Module-SIS. (2023),2023,,,,,
Ward Beullens: Graph-Theoretic Algorithms for the Alternating Trilinear Form Equivalence Problem. (2023),2023,2,"At Eurocrypt’22 Tang, Duong, Joux, Plantard, Qiao, and Susilo proposed a digital signature algorithm based on the hardness of the isomorphism problem of alternating trilinear forms. We give new heuristic algorithms that solve this problem more efficiently. ",1,"a,b",CRY
Alexander Golovnev et al.: Brakedown: Linear-Time and Field-Agnostic SNARKs for R1CS. (2023),2023,,,,,
Alexander Bienstock et al.: On Linear Communication Complexity for (Maximally) Fluid MPC. (2023),2023,,,,,
Wouter Castryck et al.: Weak Instances of Class Group Action Based Cryptography via Self-pairings. (2023),2023,1,"""In this paper we study non-trivial self-pairings with cyclic domains that are compatible with isogenies between elliptic curves oriented by an imaginary quadratic order O.""",1,"a,b",CRY
Aldo Gunsing et al.: Revisiting the Indifferentiability of the Sum of Permutations. (2023),2023,2,"We revisit the line of research in detail, and observe that the strongest bound of n-bit security has two other serious issues in the reasoning...More concretely, we introduce two attacks that show limited potential of different approaches.",1,"a,b",CRY
Yanbo Chen: sfDualMS: Efficient Lattice-Based Two-Round Multi-signature with Trapdoor-Free Simulation. (2023),2023,1,a lattice-based two-round multi-signature scheme called DualMS with better efficiency over the SOA,2,a,6-BLK
Yang Yu et al.: Compact Lattice Gadget and Its Applications to Hash-and-Sign Signatures. (2023),2023,1,"""This work aims to improve the practicality of gadget-based cryptosystems, with a focus on hash-and-sign signatures. To this end, we develop a compact gadget framework in which the used gadget is a square matrix instead of the short and fat one used in previous constructions. To work with this compact gadget, we devise a specialized gadget sampler, called semi-random sampler, to compute the approximate preimage.""",2,a,"PQC,NST"
Yanyi Liu and Rafael Pass: One-Way Functions and the Hardness of (Probabilistic) Time-Bounded Kolmogorov Complexity w.r.t. Samplable Distributions. (2023),2023,1,"""Consider the recently introduced notion of probabilistic time-bounded Kolmogorov Complexity, pKt (Goldberg et al, CCC’22), and let MpKtP denote the language of pairs (x, t) such that pKt(x) ≤ t. We show the equivalence of the following:  • MpKpolyP is (mildly) hard-on-average w.r.t. any samplable distribution D;  • MpKpolyP is (mildly) hard-on-average w.r.t. the uniform distribution;  • existence of one-way functions.  As far as we know, this yields the first natural class of problems where hardness with respect to any samplable distribution is equivalent to hardness with respect to the uniform distribution.""",1,"a,b",CRY
Yashvanth Kondi et al.: Two-Round Stateless Deterministic Two-Party Schnorr Signatures from Pseudorandom Correlation Functions. (2023),2023,,,,,
Alexander Golovnev et al.: Revisiting Time-Space Tradeoffs for Function Inversion. (2023),2023,,,,,
Youngjin Bae et al.: HERMES: Efficient Ring Packing Using MLWE Ciphertexts and Application to Transciphering. (2023),2023,,,,,
Yu Long Chen et al.: Improved Multi-user Security Using the Squared-Ratio Method. (2023),2023,2,"This paper introduces a new method for information-theoretic multi-user security proofs, called “the Squared-Ratio method”.",1,"a,b",CRY
Yuval Ishai et al.: Computational Wiretap Coding from Indistinguishability Obfuscation. (2023),2023,,,,,
Yuval Ishai et al.: One-Message Secure Reductions: On the Cost of Converting Correlations. (2023),2023,,,,,
Yuval Ishai et al.: Round-Optimal Black-Box MPC in the Plain Model. (2023),2023,1,We give the first construction of a (fully) black-box roundoptimal secure multiparty computation protocol in the plain model.,1,b,CRY
Yuval Ishai et al.: Succinct Arguments for RAM Programs via Projection Codes. (2023),2023,,,,,
Abhiram Kothapalli and Bryan Parno: Algebraic Reductions of Knowledge. (2023),2023,1,"""We introduce reductions of knowledge, a generalization of arguments of knowledge, which reduce checking knowledge of a witness in one relation to checking knowledge of a witness in another (simpler) relation.""",1,b,CRY
Aayush Jain et al.: The Pseudorandom Oracle Model and Ideal Obfuscation. (2023),2023,,,,,
Zvika Brakerski et al.: Simple Tests of Quantumness Also Certify Qubits. (2023),2023,,,,,
Zvika Brakerski et al.: SNARGs for Monotone Policy Batch NP. (2023),2023,1,"""We construct a succinct non-interactive argument (SNARG) for the class of monotone policy batch NP languages under the Learning with Errors (LWE) assumption. This class is a subclass of NP that is associated with a monotone function f : {0, 1}k → {0, 1} and an NP language L, and contains instances (x1, . . . , xk) such that f (b1, . . . , bk) = 1 where bj = 1 if and only if xj ∈ L. Our SNARGs are arguments of knowledge in the non-adaptive setting, and satisfy a new notion of somewhere extractability against adaptive adversaries.""",1,"a,b",CRY
Sonia Belaïd et al.: Unifying Freedom and Separation for Tight Probing-Secure Composition. (2023),2023,,,,,
Ashrujit Ghoshal and Stefano Tessaro: The Query-Complexity of Preprocessing Attacks. (2023),2023,,,,,
Shai Halevi et al.: Additive Randomized Encodings and Their Applications. (2023),2023,,,,,
Shichang Wang et al.: Moving a Step of ChaCha in Syncopated Rhythm. (2023),2023,,,,,
Shuai Han et al.: Almost Tight Multi-user Security Under Adaptive Corruptions from LWE in the Standard Model. (2023),2023,1,we construct the first digital signature (SIG) and public-key encryption (PKE) schemes with almost tight multi-user security under adaptive corruptions based on the learning-with-errors (LWE) assumption in the standard model.,1,"a,b",CRY
Shuichi Katsumata et al.: CSI -Otter: Isogeny-Based (Partially) Blind Signatures from the Class Group Action with a Twist. (2023),2023,,,,,
Arthur Lazzaretti and Charalampos Papamanthou: TreePIR: Sublinear-Time and Polylog-Bandwidth Private Information Retrieval from DDH. (2023),2023,,,,,
Shweta Agrawal et al.: Attribute-Based Multi-input FE (and More) for Attribute-Weighted Sums. (2023),2023,1,We extend FE for AWS to the significantly more challenging multi-party setting and provide the first construction for attribute-based multi-input FE (MIFE) supporting AWS.,2,c,"MIN,PH,BMD,CC"
Shweta Agrawal et al.: Constant Input Attribute Based (and Predicate) Encryption from Evasive and Tensor LWE. (2023),2023,1,"In this work, we advance this line of research by providing the first construction of multi-input attribute based encryption (miABE) for the function class NC1 for any constant arity from evasive LWE.",3,b,"BMD,PQC,CC"
Arka Rai Choudhuri et al.: Correlation Intractability and SNARGs from Sub-exponential DDH. (2023),2023,,,,,
Solane El Hirch et al.: Twin Column Parity Mixers and Gaston - A New Mixing Layer and Permutation. (2023),2023,,,,,
"Sebastian Berndt et al.: Combined Fault and Leakage Resilience: Composability, Constructions and Compiler. (2023)",2023,1,This work presents a compiler based on polynomial masking that achieves linear computational complexity for affine functions and cubic complexity for non-linear functions.,3,a,HWM
Srinivasan Raghuraman et al.: Expand-Convolute Codes for Pseudorandom Correlation Generators from LPN. (2023),2023,,,,,
Stefan Dziembowski et al.: Individual Cryptography. (2023),2023,,,,,
Surya Mathialagan and Neekon Vafa: MacORAMa: Optimal Oblivious RAM with Integrity. (2023),2023,,,,,
André Schrottenloher: Quantum Linear Key-Recovery Attacks Using the QFT. (2023),2023,,,,,
"Tianren Liu et al.: Layout Graphs, Random Walks and the t-Wise Independence of SPN Block Ciphers. (2023)",2023,2,modeling more advanced security of block ciphers (class that includes AES) using substitution permutation networks ,2,a,CRY
Tianrui Wang et al.: Exploring Decryption Failures of BIKE: New Class of Weak Keys and Key Recovery Attacks. (2023),2023,,,,,
Anasuya Acharya et al.: Best of Both Worlds - Revisiting the Spymasters Double Agent Problem. (2023),2023,1,Defines a notion of secure multiparty computation: MPC with fall-back security and then a compiler that can transform any n-party protocol that is semi-honestly secure with statistical security tolerating a general adversary structure Z to one that (additionally) provides semihonest fall-back security w.r.t Z.,2,b,CRY
Valerio Cini et al.: Lattice-Based Succinct Arguments from Vanishing Polynomials - (Extended Abstract). (2023),2023,,,,,
Vipul Goyal et al.: On Concurrent Multi-party Quantum Computation. (2023),2023,,,,,
Vipul Goyal et al.: Reusable Secure Computation in the Plain Model. (2023),2023,,,,,
Fukang Liu et al.: Coefficient Grouping for Complex Affine Layers. (2023),2023,,,,,
James Bartusek and Dakshita Khurana: Cryptography with Certified Deletion. (2023),2023,,,,,
Kai Gellert et al.: On Optimal Tightness for Key Exchange with Full Forward Secrecy via Key Confirmation. (2023),2023,,,,,
Damiano Abram et al.: Security-Preserving Distributed Samplers: How to Generate Any CRS in One Round Without Random Oracles. (2023),2023,,,,,
Jiaxin Guan et al.: Streaming Functional Encryption. (2023),2023,,,,,
Ittai Abraham et al.: Bingo: Adaptivity and Asynchrony in Verifiable Secret Sharing and Distributed Key Generation. (2023),2023,,,,,
"Loïc Masure and François-Xavier Standaert: Prouff and Rivain's Formal Security Proof of Masking, Revisited - Tight Bounds in the Noisy Leakage Model. (2023)",2023,1,"A masking proof with meaningful security bounds, i.e., for which the desired security level can be reached with a reasonable amount of masking shares, and requiring a reasonable amount of noise from the device, for side channel attacks",1,a,CRY
"Corentin Jeudy et al.: Lattice Signature with Efficient Protocols, Application to Anonymous Credentials. (2023)",2023,,,,,
Lorenzo Grassi et al.: Cryptanalysis of Symmetric Primitives over Rings and a Key Recovery Attack on Rubato. (2023),2023,,,,,
David Heath et al.: Tri-State Circuits - A Circuit Model that Captures RAM. (2023),2023,,,,,
Maxime Bombar et al.: Correlated Pseudorandomness from the Hardness of Quasi-Abelian Decoding. (2023),2023,,,,,
Lorenzo Grassi et al.: Horst Meets Fluid-SPN: Griffin for Zero-Knowledge Applications. (2023),2023,,,,,
Julien Devevey et al.: A Detailed Analysis of Fiat-Shamir with Aborts. (2023),2023,1,"""In this work, we emphasize that combining random oracles with loop iterations induces numerous technicalities for analyzing correctness, runtime, and security of the resulting schemes, both in the bounded and unbounded case. As a first contribution, we put light on errors in all existing analyses. We then provide two detailed analyses in the QROM for the bounded case, adapted from Kiltz, Lyubashevsky, and Shaffner [EUROCRYPT’18] and from Grilo, Ho ̈velmanns, Hu ̈lsing, and Majenz [ASIACRYPT’21]. In the process, we prove the underlying Σ-protocol to achieve a stronger zero-knowledge property than usually considered for Σ-protocols with aborts, which enables a corrected analysis. A further contribution is a detailed analysis in the case of unbounded aborts, the latter inducing several additional subtleties""",1,b,CRY
"Cody Freitag et al.: How to Use (Plain) Witness Encryption: Registered ABE, Flexible Broadcast, and More. (2023)",2023,,,,,
Dennis Hofheinz et al.: The Power of Undirected Rewindings for Adaptive Security. (2023),2023,,,,,
Manuel Barbosa et al.: Fixing and Mechanizing the Security Proof of Fiat-Shamir with Aborts and Dilithium. (2023),2023,2,We extend and consolidate the security justification for the Dilithium signature scheme.,1,b,CRY
Manuel Barbosa et al.: Machine-Checked Security for rmXMSS as in RFC 8391 and $\mathrm {SPHINCS^{+}} $. (2023),2023,2,"""As part of this endeavor, we formally verify the crucial step common to the security proofs of SPHINCS+ and XMSS that was found to be flawed before, thereby confirming that the core of the aforementioned security proof by Hülsing and Kudinov is correct.""",2,c,
Clément Hoffmann et al.: Learning with Physical Rounding for Linear and Quadratic Leakage Functions. (2023),2023,2,"In this paper, we first consolidate the intuition that LWPR cannot be secure in a serial implementation context without additional countermeasures (like shuffling), due to attacks exploiting worst-case leakages that can be mounted with practical data complexity. We then extend the understanding of LWPR in a parallel implementation setting.",1,b,CRY
Dan Boneh et al.: Arithmetic Sketching. (2023),2023,1,"This paper introduces arithmetic sketching, an abstraction of a primitive that several previous works use to achieve lightweight, lowcommunication zero-knowledge verification of secret-shared vectors.",3,b,"ADD,MSG,VOT"
Dana Dachman-Soled et al.: Revisiting Security Estimation for LWE with Hints from a Geometric Perspective. (2023),2023,,,,,
James Bartusek et al.: Publicly-Verifiable Deletion via Target-Collapsing Functions. (2023),2023,,,,,
James Bartusek et al.: Secure Computation with Shared EPR Pairs (Or: How to Teleport in Zero-Knowledge). (2023),2023,,,,,
Kaiyi Zhang et al.: Revisiting the Constant-Sum Winternitz One-Time Signature with Applications to SPHINCS<sup>+</sup> and XMSS. (2023),2023,,,,,
Emanuele Giunta: On the Impossibility of Algebraic NIZK in Pairing-Free Groups. (2023),2023,1,"A proof that for a large class of NIZK either a pairing-free group is used non black-box by relying on element representation, or security reduces to external hardness assumptions.",1,a,CRY
Jiangxia Ge et al.: Tighter QCCA-Secure Key Encapsulation Mechanism with Explicit Rejection in the Quantum Random Oracle Model. (2023),2023,2,a QROM security reduction of FO⊥m without incurring a quadratic security loss is provided.,1,"a,b",CRY
Daniele Micciancio and Mark Schultz: Error Correction and Ciphertext Quantization in Lattice Cryptography. (2023),2023,,,,,
Jeffrey Champion and David J. Wu: Non-interactive Zero-Knowledge from Non-interactive Batch Arguments. (2023),2023,,,,,
Keegan Ryan and Nadia Heninger: Fast Practical Lattice Reduction Through Iterated Compression. (2023),2023,,,,,
"Kevin Yeo: Cuckoo Hashing in Cryptography: Optimal Parameters, Robustness and Applications. (2023)",2023,,,,,
Léo Ducas et al.: Finding Short Integer Solutions When the Modulus Is Small. (2023),2023,,,,,
Léo Ducas and Ludo N. Pulles: Does the Dual-Sieve Attack on Learning with Errors Even Work? (2023),2023,,,,,
Lennart Braun et al.: Secure Multiparty Computation from Threshold Encryption Based on Class Groups. (2023),2023,1,"We construct the first actively-secure threshold version of the cryptosystem based on class groups from the so-called CL framework (Castagnos and Laguillaumie, 2015). We show how to use our threshold scheme to achieve general universally composable (UC) secure multiparty computation (MPC) with only transparent set-up, i.e., with no secret trapdoors involved.",1,"a,b",CRY
Khashayar Barooti et al.: On Active Attack Detection in Messaging with Immediate Decryption. (2023),2023,1,"we consider strong active attack detection for secure messaging with immediate decryption, where parties are able to immediately detect active attacks under certain conditions.",3,a,"MGS,PGTS"
Jonathan Bootle et al.: Lattice-Based Succinct Arguments for NP with Polylogarithmic-Time Verification. (2023),2023,1,"we construct the first interactive argument system for NP with succinct verification that, departing from the Merkle-tree paradigm, exploits the homomorphic properties of lattice-based commitments.",1,b,CRY
Geoffroy Couteau et al.: A Note on Non-interactive Zero-Knowledge from CDH. (2023),2023,,,,,
Giuseppe Persiano and Kevin Yeo: Limits of Breach-Resistant and Snapshot-Oblivious RAMs. (2023),2023,,,,,
Matilda Backendal et al.: When Messages Are Keys: Is HMAC a Dual-PRF? (2023),2023,,,,,
"Gayathri Garimella et al.: Malicious Secure, Structure-Aware Private Set Intersection. (2023)",2023,,,,,
Hanshen Xiao and Srinivas Devadas: PAC Privacy: Automatic Privacy Measurement and Control of Data Processing. (2023),2023,1,"We propose and study a new privacy definition, termed Probably Approximately Correct (PAC) Privacy. PAC Privacy characterizes the information-theoretic hardness to recover sensitive data given arbitrary information disclosure/leakage during/after any processing",2,b,"ML, DDC"
Jonathan Bootle et al.: A Framework for Practical Anonymous Credentials from Lattices. (2023),2023,1,"""We present a framework for building practical anonymous credential schemes based on the
hardness of lattice problems. The running time of the prover and verifier is independent of the number
of users and linear in the number of attributes.""",2,b,"AUT,NIST,PQC
"
Marta Bellés-Muñoz et al.: Revisiting Cycles of Pairing-Friendly Elliptic Curves. (2023),2023,1,"we explore 2-cycles composed of curves from families parameterized by polynomials, and show that such cycles do not exist unless a strong condition holds.",1,a,CRY
Jonathan Fuchs et al.: On the Security of Keyed Hashing Based on Public Permutations. (2023),2023,,,,,
Divesh Aggarwal et al.: Extractors: Low Entropy Requirements Colliding with Non-malleability. (2023),2023,,,,,
Mark Zhandry: Tracing Quantum State Distinguishers via Backtracking. (2023),2023,,,,,
Duhyeong Kim et al.: Toward Practical Lattice-Based Proof of Knowledge from Hint-MLWE. (2023),2023,1,"A new proof of knowledge protocols without using noise flooding or rejection sampling which are provably secure under a computational hardness assumption, called Hint-MLWE. We also show an efficient reduction from Hint-MLWE to the standard MLWE assumption.",2,b,"DAD,PQC"
Gareth T. Davies et al.: Security Analysis of the WhatsApp End-to-End Encrypted Backup Protocol. (2023),2023,2,"The E2EE WhatsApp backup protocol (WBP) allows users to recover their chat history from passwords, leaving WhatsApp oblivious of the actual encryption keys.In this work, we provide the first formal security analysis of the WBP.",4,"a,c","MSG,PGTS"
Elizabeth C. Crites et al.: Snowblind: A Threshold Blind Signature in Pairing-Free Groups. (2023),2023,,,,,
Hien Chu et al.: Practical Schnorr Threshold Signatures Without the Algebraic Group Model. (2023),2023,,,,,
"Gabrielle De Micheli et al.: Reductions from Module Lattices to Free Module Lattices, and Application to Dequantizing Module-LLL. (2023)",2023,2,"we give evidence that free modules (i.e., modules which admit a basis) are no weaker than arbitrary modules, when it comes to solving cryptographic algorithmic problems (and when the rank of the module is at least 2).",1,a,CRY
Christina Boura et al.: Differential Meet-In-The-Middle Cryptanalysis. (2023),2023,,,,,
Elizabeth C. Crites et al.: Fully Adaptive Schnorr Threshold Signatures. (2023),2023,,,,,
Joël Alwen et al.: Fork-Resilient Continuous Group Key Agreement. (2023),2023,,,,,
Jiaxin Pan et al.: Lattice-Based Authenticated Key Exchange with Tight Security. (2023),2023,,,,,
Christof Beierle et al.: On Perfect Linear Approximations and Differentials over Two-Round SPNs. (2023),2023,,,,,
Clémence Bouvier et al.: New Design Techniques for Efficient Arithmetization-Oriented Hash Functions: ttAnemoi Permutations and ttJive Compression Mode. (2023),2023,1,new designs for hash functions specifically tailored for ZK applications that improves efficiency over SOA,4,c,6-BLK
John Baena et al.: Improving Support-Minors Rank Attacks: Applications to Gđisplaystyle eMSS and Rainbow. (2022),2022,,,,,
Jesper Buus Nielsen et al.: Public Randomness Extraction with Ephemeral Roles and Worst-Case Corruptions. (2022),2022,1,We distill a simple information-theoretic model for randomness extraction motivated by the task of generating publicly verifiable randomness in blockchain settings and which is closely related to YouOnly-Speak-Once (YOSO) protocols (CRYPTO 2021).,4,c,"VOT,WEB,MSG,ASC,1-BLK"
Allen Kim et al.: A New Approach to Efficient Non-Malleable Zero-Knowledge. (2022),2022,,,,,
Xiaoyang Dong et al.: Triangulating Rebound Attack on AES-like Hashing. (2022),2022,,,,,
Tiancheng Xie et al.: Orion: Zero Knowledge Proof with Linear Prover Time. (2022),2022,1,"Orion, a new zero-knowledge argument system that achieves O(N ) prover time of field operations and hash functions and O(log2 N ) proof size.",2,b,"1-BLK,6-BLK,ML,SE"
Tomoyuki Morimae and Takashi Yamakawa: Quantum Commitments and Signatures Without One-Way Functions. (2022),2022,,,,,
Joël Alwen et al.: On the Insider Security of MLS. (2022),2022,,,,,
Tim Beyne and Vincent Rijmen: Differential Cryptanalysis in the Fixed-Key Model. (2022),2022,,,,,
"Vadim Lyubashevsky et al.: Lattice-Based Zero-Knowledge Proofs and Applications: Shorter, Simpler, and More General. (2022)",2022,,,,,
Tim Beyne and Yu Long Chen: Provably Secure Reflection Ciphers. (2022),2022,1,"As a first contribution, we initiate the study of key-alternating reflection ciphers in the ideal permutation model. Our second contribution is a generic key-length extension method for reflection ciphers.",1,b,"CRY
"
Huijia Lin and Tianren Liu: Two-Round MPC Without Round Collapsing Revisited - Towards Efficient Malicious Protocols. (2022),2022,,,,,
Georgios Tsimos et al.: Gossiping for Communication-Efficient Broadcast. (2022),2022,,,,,
"Gayathri Garimella et al.: Structure-Aware Private Set Intersection, with Applications to Fuzzy Matching. (2022)",2022,,,,,
Zhongfeng Niu et al.: Rotational Differential-Linear Distinguishers of ARX Ciphers with Arbitrary Output Linear Masks. (2022),2022,1,"we partially solve this open problem by presenting an efficient algorithm for computing the (rotational) differential-linear correlation of modulo additions for arbitrary output linear masks, based on which a technique for evaluating the (rotational) differential-linear correlation of ARX ciphers is derived.",3,"a,b",CRY
Zhenzhen Bao et al.: Superposition Meet-in-the-Middle Attacks: Updates on Fundamental Security of AES-like Hashing. (2022),2022,,,,,
Zeyu Liu and Eran Tromer: Oblivious Message Retrieval. (2022),2022,1,"We show how untrusted servers can detect messages on behalf of recipients, and summarize these into a compact encrypted digest that recipients can easily decrypt.",4,"a,c","MSG,6-BLK,DDC,WEB,DAD"
Abhiram Kothapalli et al.: Nova: Recursive Zero-Knowledge Arguments from Folding Schemes. (2022),2022,1,"a new approach to realize incrementally verifiable computation (IVC), in which the prover recursively proves the correct execution of incremental computations of the form y = F^(l )(x), where F is a (potentially non-deterministic) computation, x is the input, y is the output, and > 0.",2,b,1-BLK
Yuval Ishai et al.: Beyond the Csiszár-Korner Bound: Best-Possible Wiretap Coding via Obfuscation. (2022),2022,,,,,
Yusuke Naito et al.: Secret Can Be Public: Low-Memory AEAD Mode for High-Order Masking. (2022),2022,,,,,
Adrián Ranea et al.: Implicit White-Box Implementations: White-Boxing ARX Ciphers. (2022),2022,,,,,
Akshima et al.: Time-Space Lower Bounds for Finding Collisions in Merkle-Damgård Hash Functions. (2022),2022,,,,,
Jeremiah Blocki and Blake Holman: Sustained Space and Cumulative Complexity Trade-Offs for Data-Dependent Memory-Hard Functions. (2022),2022,,,,,
Iftach Haitner et al.: Lower Bound on SNARGs in the Random Oracle Model. (2022),2022,,,,,
Ilan Komargodski et al.: log <sup>*</sup>-Round Game-Theoretically-Fair Leader Election. (2022),2022,,,,,
Yang Du et al.: Snapshot-Oblivious RAMs: Sub-logarithmic Efficiency for Short Transcripts. (2022),2022,,,,,
Aldo Gunsing: Block-Cipher-Based Tree Hashing. (2022),2022,2,"First of all we take a thorough look at an error in a paper by Daemen et al...We discuss in detail how this oversight is caused and how it can be avoided...We next demonstrate how the negative effects on the security bound of the construction by Daemen et al. can be resolved...Finally, we introduce the tree sponge, a generalization of the sequential sponge construction with parallel absorbing and squeezing.",1,"a,b",CRY
Justin Holmgren and Ron D. Rothblum: Faster Sounder Succinct Arguments and sfIOPs. (2022),2022,,,,,
Alexander Bienstock et al.: A More Complete Analysis of the Signal Double Ratchet Algorithm. (2022),2022,2,"In this work, we develop a new Universally Composable (UC) definition FDR that we show is provably achieved by the DR protocol.",4,c,MSG
James Bartusek et al.: Succinct Classical Verification of Quantum Computation. (2022),2022,,,,,
Federico Canale et al.: Simon's Algorithm and Symmetric Crypto: Generalizations and Automatized Applications. (2022),2022,,,,,
Ward Beullens: Breaking Rainbow Takes a Weekend on a Laptop. (2022),2022,,,,,
"Jean Paul Degabriele and Vukasin Karadzic: Overloading the Nonce: Rugged PRPs, Nonce-Set AEAD, and Order-Resilient Channels. (2022)",2022,1,We introduce a new security notion that lies right in between pseudorandom permutations (PRPs) and strong pseudorandom permutations (SPRPs).,3,b,CNP
Vipul Goyal et al.: Tight Bounds on the Randomness Complexity of Secure Multiparty Computation. (2022),2022,1,"We revisit the question of minimizing the randomness complexity of protocols for secure multiparty computation (MPC) in the setting of perfect information-theoretic security. We essentially close the question by proving an Ω(t2) lower bound on the randomness complexity of XOR, matching the previous upper bound up to a logarithmic factor (or constant factor when t = Ω(n)). We also obtain an explicit protocol that uses O(t2 · log2 n) random bits, matching our lower bound up to a polylogarithmic factor. ",2,b,CRY
Vipul Goyal et al.: Sharing Transformation and Dishonest Majority MPC with Packed Secret Sharing. (2022),2022,1,In this work we initiate the study of sharing transformations which allow us to perform arbitrary linear maps on the secrets of (possibly packed) secret-sharing schemes.,1,a,CRY
Jelle Don et al.: Efficient NIZKs and Signatures from Commit-and-Open Protocols in the QROM. (2022),2022,,,,,
"Mark Zhandry: To Label, or Not To Label (in Generic Groups). (2022)",2022,,,,,
"Prabhanjan Ananth et al.: On the Feasibility of Unclonable Encryption, and More. (2022)",2022,,,,,
Prabhanjan Ananth et al.: Cryptography from Pseudorandom Quantum States. (2022),2022,,,,,
Cody Freitag et al.: Time-Space Tradeoffs for Sponge Hashing: Attacks and Limitations for Short Collisions. (2022),2022,,,,,
Benny Applebaum et al.: Quadratic Multiparty Randomized Encodings Beyond Honest Majority and Their Applications. (2022),2022,,,,,
Per Austrin et al.: On the Impossibility of Key Agreements from Quantum Random Oracles. (2022),2022,,,,,
Omri Shmueli: Semi-quantum Tokenized Signatures. (2022),2022,,,,,
Maria Corte-Real Santos et al.: Accelerating the Delfs-Galbraith Algorithm with Fast Subfield Root Detection. (2022),2022,,,,,
Benny Applebaum et al.: Verifiable Relation Sharing and Multi-verifier Zero-Knowledge in Two Rounds: Trading NIZKs with Honest Majority - (Extended Abstract). (2022),2022,,,,,
Nishanth Chandran et al.: Short Leakage Resilient and Non-malleable Secret Sharing Schemes. (2022),2022,,,,,
Christof Beierle et al.: Constructing and Deconstructing Intentional Weaknesses in Symmetric Ciphers. (2022),2022,,,,,
Nir Bitansky et al.: Constructive Post-Quantum Reductions. (2022),2022,,,,,
Nir Bitansky and Sapir Freizeit: Statistically Sender-Private OT from LPN and Derandomization. (2022),2022,1,We construct a two-message oblivious transfer protocol with statistical sender privacy (SSP OT) based on the Learning Parity with Noise (LPN) Assumption and a standard Nisan-Wigderson style derandomization assumption.,1,"a,b",CRY
Mark Zhandry: Augmented Random Oracles. (2022),2022,1,a new paradigm for studying ROM constructions that we call the Augmented Random Oracle Model (AROM),3,"a,b",CRY
Mark Zhandry: New Constructions of Collapsing Hashes. (2022),2022,,,,,
Brent Waters and David J. Wu: Batch Arguments for sfNP and More from Standard Bilinear Group Assumptions. (2022),2022,1,"In this work, we give the first construction of a non-interactive batch argument for NP from standard assumptions on groups with bilinear maps (specifically, from either the subgroup decision assumption in composite-order groups or from the k-Lin assumption in prime-order groups for any k ≥ 1)",1,"a,b",CRY
Damiano Abram et al.: An Algebraic Framework for Silent Preprocessing with Trustless Setup and Active Security. (2022),2022,,,,,
Ngoc Khanh Nguyen and Gregor Seiler: Practical Sublinear Proofs for R1CS from Lattices. (2022),2022,,,,,
Brice Minaud and Michael Reichle: Dynamic Local Searchable Symmetric Encryption. (2022),2022,,,,,
Nai-Hui Chia et al.: Post-quantum Simulatable Extraction with Minimal Assumptions: Black-Box and Constant-Round. (2022),2022,,,,,
Christian Matt et al.: Formalizing Delayed Adaptive Corruptions and the Security of Flooding Networks. (2022),2022,,,,,
Marshall Ball et al.: (Nondeterministic) Hardness vs. Non-malleability. (2022),2022,1,We present the first truly explicit constructions of nonmalleable codes against tampering by bounded polynomial size circuits.,1,b,CRY
"Martin R. Albrecht et al.: Lattice-Based SNARKs: Publicly Verifiable, Preprocessing, and Recursively Composable - (Extended Abstract). (2022)",2022,,,,,
Carsten Baum et al.: Moz$\mathbb {Z}_{2^k}$arella: Efficient Vector-OLE and Zero-Knowledge Proofs over $\mathbb {Z}_{2^k}$. (2022),2022,,,,,
Charlotte Lefevre and Bart Mennink: Tight Preimage Resistance of the Sponge Construction. (2022),2022,2,We derive an improved and tight preimage security bound for the cryptographic sponge construction.,1,a,CRY
Mihir Bellare et al.: Better than Advertised Security for Non-interactive Threshold Signatures. (2022),2022,1,"unified syntax, and a hierarchy of definitions of security of increasing strength, for non-interactive threshold signature schemes.",2,c,"6-BLK,NIST,AUT"
Cas Cremers et al.: CHIP and CRISP: Protecting All Parties Against Compromise Through Identity-Binding PAKEs. (2022),2022,,,,,
Cecilia Boschini et al.: MuSig-L: Lattice-Based Multi-signature with Single-Round Online Phase. (2022),2022,,,,,
Charlotte Hoffmann et al.: Practical Statistically-Sound Proofs of Exponentiation in Any Group. (2022),2022,,,,,
Michel Abdalla et al.: Password-Authenticated Key Exchange from Group Actions. (2022),2022,,,,,
Matthias Fitzi et al.: Ofelimos: Combinatorial Optimization via Proof-of-Useful-Work - A Provably Secure Blockchain Protocol. (2022),2022,,,,,
Maxime Bombar et al.: On Codes and Learning with Errors over Function Fields. (2022),2022,,,,,
Shafik Nassar and Ron D. Rothblum: Succinct Interactive Oracle Proofs: Applications and Limitations. (2022),2022,,,,,
"Andre Esser et al.: Partial Key Exposure Attacks on BIKE, Rainbow and NTRU. (2022)",2022,2,"We strongly question this belief by constructing partial key exposure attacks on code-based, multivariate, and latticebased schemes (BIKE, Rainbow and NTRU).",1,"a,b",CRY
André Schrottenloher and Marc Stevens: Simplified MITM Modeling for Permutations: New (Quantum) Attacks. (2022),2022,,,,,
"Thomas Attema and Serge Fehr: Parallel Repetition of (k<sub>1, đots</sub> , k<sub>μ </sub>)-Special-Sound Multi-round Interactive Proofs. (2022)",2022,2,showing t-fold parallel repetition of proofs reduces knowledge error down to negligible,1,b,CRY
Thibauld Feneuil et al.: Syndrome Decoding in the Head: Shorter Signatures from Zero-Knowledge Proofs. (2022),2022,1,"In this paper, we introduce a new zero-knowledge proof for the syndrome decoding problem on random linear codes. we propose a 5-round zero-knowledge protocol that proves the knowledge of a vector x such that y = Hx and wt(x) ≤ w and which achieves a soundness error closed to 1/N for an arbitrary N .",1,"a,b",CRY
Taiga Hiroka et al.: Certified Everlasting Zero-Knowledge Proof for QMA. (2022),2022,,,,,
Susumu Kiyoshima: Public-Coin 3-Round Zero-Knowledge from Learning with Errors and Keyless Multi-Collision-Resistant Hash. (2022),2022,,,,,
Andreas Hülsing et al.: Formal Verification of Saber's Public-Key Encryption Scheme in EasyCrypt. (2022),2022,1,"""In this work, we consider the formal verification of the publickey encryption scheme of Saber, one of the selected few post-quantum cipher suites currently considered for potential standardization.""",1,b,CRY
Elette Boyle et al.: Programmable Distributed Point Functions. (2022),2022,1,"We present a new framework for 2-party DPF construction, which applies in the setting of feasible (polynomial-size) domains. This captures in particular all DPF applications in which the keys are expanded to the full domain. Our approach is motivated by a strengthened notion we put forth, of programmable DPF (PDPF), in which a short, input-independent “offline” key can be reused for sharing many point functions. We obtain the following results on PDPFs and their applications",2,a,"MSG,DAD"
Elette Boyle et al.: Correlated Pseudorandomness from Expand-Accumulate Codes. (2022),2022,1,"A pseudorandom correlation generator (PCG) is a recent tool for securely generating useful sources of correlated randomness, such as random oblivious transfers (OT) and vector oblivious linear evaluations (VOLE), with low communication cost. We introduce a simple new design for PCGs based on so-called expand-accumulate codes, which first apply a sparse random expander graph to replicate each message entry, and then accumulate the entries by computing the sum of each prefix.",1,a,CRY
Shweta Agrawal et al.: Multi-input Attribute Based Encryption and Predicate Encryption. (2022),2022,,,,,
Justin Holmgren et al.: Nearly Optimal Property Preserving Hashing. (2022),2022,1,"give new constructions of (R)PPH for exact Hamming distance. Our constructions are conceptually simpler, are based on more general assumptions, and achieve improved compression compared to prior work.",3,a,"LE,SE"
Shujiao Cao and Rui Xue: The Gap Is Sensitive to Size of Preimages: Collapsing Property Doesn't Go Beyond Quantum Collision-Resistance for Preimages Bounded Hash Functions. (2022),2022,,,,,
Ashrujit Ghoshal and Ilan Komargodski: On Time-Space Tradeoffs for Bounded-Length Collisions in Merkle-Damgård Hashing. (2022),2022,1,Confirm the following conjecture for many new parameter settings: adversaries with arbitrary S-bit advice about the random oracle and can make at most T queries to it. Our goal is to characterize the advantage of such adversaries in finding a B-block collision in an MD hash function constructed using the random oracle with range size N as the compression function (given a random salt).,1,a,CRY
Katharina Boudgoust et al.: Some Easy Instances of Ideal-SVP and Implications on the Partial Vandermonde Knapsack Problem. (2022),2022,1,we generalize the works of Pan et al. (Eurocrypt’21) and Porter et al. (ArXiv’21) and provide a simple condition under which an ideal lattice defines an easy instance of the shortest vector problem.,1,"a,b",CRY
"Shahar P. Cohen and Moni Naor: Low Communication Complexity Protocols, Collision Resistant Hash Functions and Secret Key-Agreement Protocols. (2022)",2022,1,We define a model where there is a source of public randomness but the inputs are chosen by a computationally bounded adversarial participant after seeing the public randomness. We show that breaking the known communication lower bounds of the private coins model in this setting is closely connected to known cryptographic assumptions.,1,b,CRY
Thomas Espitau et al.: Shorter Hash-and-Sign Lattice-Based Signatures. (2022),2022,,,,,
Khoa Nguyen et al.: Multimodal Private Signatures. (2022),2022,1,Multimodal Private Signature (MPS) - an anonymous signature system that allows a designated opening authority to learn nothing beyond some partial information about the signer’s identity id,3,a,"6-BLK,LE,PH,CUR,AUT"
Lawrence Roy: SoftSpokenOT: Quieter OT Extension from Small-Field Silent VOLE in the Minicrypt Model. (2022),2022,1,"SoftSpokenOT, the first OT extension to improve on IKNP’s communication cost in the Minicrypt model, plus some flaws in existing cryptosystems",1,"a,b",CRY
Samuel Dittmer et al.: Authenticated Garbling from Simple Correlations. (2022),,1,we use other kinds of simple correlations to realize the authenticated garbling functionality with better efficiency.,1,"a,b",CRY
"Rupeng Yang et al.: Public-Key Watermarking Schemes for Pseudorandom Functions. (2022)
",2022,1,construction for public-key watermarkable PRFs with different trade-offs from various assumptions,2,c,"PQC,SE"
Baiyu Li et al.: Securing Approximate Homomorphic Encryption Using Differential Privacy. (2022),2022,1,"transformation to make any approximate homomorphic encryption scheme achieving the weak IND-CPA security definition into one
which is provably IND-CPAD secure using DP",2,b,ML
"Rutchathon Chairattana-Apirom et al.: PI-Cut-Choo and Friends: Compact Blind Signatures via Parallel Instance Cut-and-Choose and More. (2022)
",2022,1,"an improved transform for obtaining a secure blind signing protocol tolerating any poly(n) concurrent executions from one that is secure for O(log n) concurrent executions
",2,b,"CUR,VOT,AUT"
Rotem Tsabary: Candidate Witness Encryption from Lattice Techniques. (2022),2022,,,,,
Ron D. Rothblum and Prashant Nalini Vasudevan: Collision-Resistance from Multi-Collision-Resistance. (2022),2022,,,,,
Daniel Escudero et al.: More Efficient Dishonest Majority Secure Computation over $\mathbb {Z}_{2^k}$ via Galois Rings. (2022),2022,,,,,
Rishab Goyal and Vinod Vaikuntanathan: Locally Verifiable Signature and Key Aggregation. (2022),2022,1,"locally verifiable aggregate signatures that enable efficient verification: given a short aggregate signature σ (corresponding to a set M of N messages), the verifier can check whether a particular message m is in the set, in time independent of N",3,"a,b","CNP,1-BLK,6-BLK,AUT"
Rex Fernando et al.: Maliciously Secure Massively Parallel Computation for All-but-One Corruptions. (2022),2022,,,,,
Dan Boneh and Chelsea Komlo: Threshold Signatures with Private Accountability. (2022),2022,,,,,
Ran Canetti et al.: Universally Composable End-to-End Secure Messaging. (2022),2022,2,construction and analysis of the Signal end-to-end secure messaging protocol within the Universal Composability (UC) framework,4,c ,MSG
Rahul Rachuri and Peter Scholl: Le Mans: Dynamic and Fluid MPC for Dishonest Majority. (2022),2022,,,,,
Rafaël del Pino and Shuichi Katsumata: A New Framework for More Efficient Round-Optimal Lattice-Based (Partially) Blind Signature via Trapdoor Sampling. (2022),2022,,,,,